month,average
1,42917511.9858156
2,49148497.0181818
3,62893802.3230769
4,42664089.3966942
5,130622147.931034
6,98638301.7333333
7,89727109.4316547
8,57196624.5620915
9,39823574.3984962
10,41377277.2514286
11,82414526.5961538
12,90301020.2090396
