weekday,average
1,40071888.4
2,55199607
3,100593345.8125
4,87358473.4484849
5,66289776.2542373
6,66469610.9784123
7,56463937.3333333
