mean_gross,mean_budget,number_of_movies
35979342.3157492,29973192.7673469,6964
