month,average
1,6937106.78014184
2,13212736.5909091
3,16487319.2384615
4,12566242.231405
5,27484688.991453
6,25206957.9851852
7,22313873.5683453
8,14372906.7058824
9,11500148.3533835
10,10188439.7142857
11,18847616.724359
12,13684096.25
